id,img_x,img_y,map_lat,map_lng,map_altitude,
1,1461,682,1582,43.071104,-89.403965,263.678528
2,122,691,1609,43.071366,-89.4043,263.234314
3,151,558,1791,43.071092,-89.405149,264.470459
4,635,533,1705,43.069481,-89.404959,260.558167
5,1506,824,1540,43.068844,-89.403971,259.164276
6,1742,560,1540,43.068844,-89.403971,259.164276
