id,img_x,img_y,map_lat,map_lng,map_altitude
1,879,634,42.354266,-71.054423,125
2,1162,555,42.35632,-71.051713,158
3,487,677,42.354094,-71.045422,73
4,1639,591,42.35907,-71.053489,128
5,1382,630,42.357677,-71.050344,100
6,1029,810,42.355973,-71.048696,2
