id,img_x,img_y,map_lat,map_lng,map_altitude
1,1295,845,1582,43.071104,-89.403965
2,1158,547,1609,43.071366,-89.4043
3,487,677,1791,43.071092,-89.405149
4,1639,591,1705,43.069481,-89.404959
5,1806,791,1540,43.068844,-89.403971
6,1029,810,1540,43.068844,-89.403971
